PAR,1,2,64,3631690
LIN,1,2,1,192
PAR,2,2,64,17708
LIN,2,2,1,59
PAR,3,2,64,21082
LIN,3,2,1,558
PAR,4,3,64,11057
LIN,4,3,1,201
PAR,5,4,64,19856
LIN,5,4,1,350
PAR,6,5,64,20882
LIN,6,5,1,632
PAR,7,20,64,3942046
LIN,7,20,1,7642225
PAR,8,21,64,901917
LIN,8,21,1,13725392
PAR,9,25,64,5175955
LIN,9,25,1,208312683
PAR,10,21,64,1377056
LIN,10,21,1,15603271
PAR,11,30,64,212522139
LIN,11,30,1,8017376907
PAR,12,21,64,1877816
LIN,12,21,1,20407469
PAR,13,39,64,70322093511
PAR,22,2,64,38593
LIN,22,2,1,193
PAR,23,4,64,30633
LIN,23,4,1,340
PAR,24,5,64,37805
LIN,24,5,1,488
PAR,25,8,64,72816
LIN,25,8,1,2228
PAR,26,9,64,72410
LIN,26,9,1,4585
PAR,27,12,64,92845
LIN,27,12,1,32006
PAR,28,10,64,70889
LIN,28,10,1,9029
PAR,29,12,64,93590
LIN,29,12,1,31044
PAR,30,16,64,291386
LIN,30,16,1,502030
PAR,31,18,64,262839
LIN,31,18,1,1900803
PAR,32,18,64,293806
LIN,32,18,1,2012230
PAR,33,21,64,578196
LIN,33,21,1,15071091
PAR,34,24,64,3331866
LIN,34,24,1,105018449
PAR,35,26,64,10541825
LIN,35,26,1,414697110
PAR,36,28,64,37076266
LIN,36,28,1,1651764620
PAR,37,29,64,69057737
LIN,37,29,1,3360351613
PAR,38,27,64,16905310
LIN,38,27,1,826769257
PAR,39,29,64,64391332
LIN,39,29,1,3301361964
PAR,40,31,64,246727261
LIN,40,31,1,13732576689
PAR,41,34,64,2065586200
LIN,41,34,1,107081853715
PAR,42,35,64,4494908045
PAR,43,36,64,7936542807
PAR,44,40,64,115131982424
PAR,45,39,64,70804368294
PAR,46,42,64,516775826171
PAR,47,43,64,1139067948753
PAR,48,43,64,925528463838
PAR,49,41,64,295703041865
PAR,50,40,64,129361105908
PAR,1,2,64,23422
LIN,1,2,1,197
PAR,2,2,64,37443
LIN,2,2,1,55
PAR,3,2,64,13509
LIN,3,2,1,349
PAR,4,3,64,34738
LIN,4,3,1,307
PAR,5,4,64,28775
LIN,5,4,1,402
PAR,6,5,64,50173
LIN,6,5,1,610
PAR,7,20,64,472014
LIN,7,20,1,8184295
PAR,8,21,64,749435
LIN,8,21,1,13797612
PAR,9,25,64,4868568
LIN,9,25,1,207363720
PAR,10,21,64,1239153
LIN,10,21,1,14555875
PAR,11,30,64,206135247
LIN,11,30,1,9468668126
PAR,12,21,64,1551840
LIN,12,21,1,20663297
PAR,13,39,64,69960117619
PAR,22,2,64,22639
LIN,22,2,1,234
PAR,23,4,64,35714
LIN,23,4,1,362
PAR,24,5,64,55129
LIN,24,5,1,412
PAR,25,8,64,79609
LIN,25,8,1,2392
PAR,26,9,64,88045
LIN,26,9,1,4357
PAR,27,12,64,90811
LIN,27,12,1,31593
PAR,28,10,64,64289
LIN,28,10,1,9450
PAR,29,12,64,86555
LIN,29,12,1,31467
PAR,30,16,64,146344
LIN,30,16,1,505349
PAR,31,18,64,243588
LIN,31,18,1,1993292
PAR,32,18,64,268672
LIN,32,18,1,2007746
PAR,33,21,64,573742
LIN,33,21,1,15022412
PAR,34,24,64,3350800
LIN,34,24,1,104987467
PAR,35,26,64,11660940
LIN,35,26,1,413879567
PAR,36,28,64,35239274
LIN,36,28,1,1647802617
PAR,37,29,64,67495048
LIN,37,29,1,3301692203
PAR,38,27,64,16368341
LIN,38,27,1,823984440
PAR,39,29,64,63222752
LIN,39,29,1,3296241172
PAR,40,31,64,251214545
LIN,40,31,1,13453758101
PAR,41,34,64,2203361792
LIN,41,34,1,106836937222
PAR,42,35,64,4463485451
PAR,43,36,64,7888565484
PAR,44,40,64,114714281044
PAR,45,39,64,71096303219
PAR,46,42,64,515717584026
PAR,47,43,64,1132300114743
PAR,48,43,64,918070789556
PAR,49,41,64,293262729704
PAR,50,40,64,129246007470
PAR,1,2,64,24089
LIN,1,2,1,160
PAR,2,2,64,29866
LIN,2,2,1,73
PAR,3,2,64,24795
LIN,3,2,1,137
PAR,4,3,64,34386
LIN,4,3,1,196
PAR,5,4,64,32541
LIN,5,4,1,363
PAR,6,5,64,45498
LIN,6,5,1,692
PAR,7,20,64,436346
LIN,7,20,1,8310259
PAR,8,21,64,775034
LIN,8,21,1,14919421
PAR,9,25,64,4520215
LIN,9,25,1,208446607
PAR,10,21,64,1325681
LIN,10,21,1,15023733
PAR,11,30,64,206066999
LIN,11,30,1,8864875811
PAR,12,21,64,1644502
LIN,12,21,1,22038848
PAR,13,39,64,69778632545
PAR,22,2,64,28667
LIN,22,2,1,295
PAR,23,4,64,33491
LIN,23,4,1,349
PAR,24,5,64,35316
LIN,24,5,1,539
PAR,25,8,64,52369
LIN,25,8,1,2129
PAR,26,9,64,83465
LIN,26,9,1,4363
PAR,27,12,64,90653
LIN,27,12,1,32075
PAR,28,10,64,72441
LIN,28,10,1,9404
PAR,29,12,64,100892
LIN,29,12,1,31428
PAR,30,16,64,173252
LIN,30,16,1,509829
PAR,31,18,64,303217
LIN,31,18,1,2050652
PAR,32,18,64,265845
LIN,32,18,1,2048947
PAR,33,21,64,608774
LIN,33,21,1,15607673
PAR,34,24,64,2900380
LIN,34,24,1,110432261
PAR,35,26,64,10789208
LIN,35,26,1,413699425
PAR,36,28,64,34635792
LIN,36,28,1,1649177306
PAR,37,29,64,70444966
LIN,37,29,1,3298242754
PAR,38,27,64,16542248
LIN,38,27,1,824575493
PAR,39,29,64,62559704
LIN,39,29,1,3298284287
PAR,40,31,64,244990000
LIN,40,31,1,13585525790
PAR,41,34,64,2033529225
LIN,41,34,1,106249326823
PAR,42,35,64,4460375404
PAR,43,36,64,7935637686
PAR,44,40,64,117032865371
PAR,45,39,64,71773118288
PAR,46,42,64,516550961063
PAR,47,43,64,1138391346495
PAR,48,43,64,941307097193
PAR,49,41,64,295117853650
PAR,50,40,64,129995007965
PAR,1,2,64,18561
LIN,1,2,1,218
PAR,2,2,64,14743
LIN,2,2,1,80
PAR,3,2,64,29774
LIN,3,2,1,119
PAR,4,3,64,29572
LIN,4,3,1,185
PAR,5,4,64,37533
LIN,5,4,1,369
PAR,6,5,64,46600
LIN,6,5,1,601
PAR,7,20,64,427279
LIN,7,20,1,8325660
PAR,8,21,64,764175
LIN,8,21,1,14586773
PAR,9,25,64,5091560
LIN,9,25,1,207784181
PAR,10,21,64,1207735
LIN,10,21,1,14836589
PAR,11,30,64,207459293
LIN,11,30,1,8167865579
PAR,12,21,64,1768377
LIN,12,21,1,20027621
PAR,13,39,64,70214645774
PAR,22,2,64,23777
LIN,22,2,1,198
PAR,23,4,64,27911
LIN,23,4,1,328
PAR,24,5,64,48958
LIN,24,5,1,377
PAR,25,8,64,85553
LIN,25,8,1,2343
PAR,26,9,64,56807
LIN,26,9,1,4598
PAR,27,12,64,105777
LIN,27,12,1,31684
PAR,28,10,64,89005
LIN,28,10,1,9835
PAR,29,12,64,91751
LIN,29,12,1,34495
PAR,30,16,64,207092
LIN,30,16,1,509653
PAR,31,18,64,337247
LIN,31,18,1,2080557
PAR,32,18,64,277439
LIN,32,18,1,2052411
PAR,33,21,64,558107
LIN,33,21,1,15227566
PAR,34,24,64,3142010
LIN,34,24,1,104581394
PAR,35,26,64,11511883
LIN,35,26,1,414619135
PAR,36,28,64,35584981
LIN,36,28,1,1647269893
PAR,37,29,64,69320434
LIN,37,29,1,3310352677
PAR,38,27,64,15832010
LIN,38,27,1,825427174
PAR,39,29,64,67205052
LIN,39,29,1,3563140868
PAR,40,31,64,247984264
LIN,40,31,1,13379785492
PAR,41,34,64,2053433486
LIN,41,34,1,106713376410
PAR,42,35,64,4484400557
PAR,43,36,64,7936048114
PAR,44,40,64,115194273703
PAR,45,39,64,71021105978
PAR,46,42,64,544757739444
PAR,47,43,64,1178785659453
PAR,48,43,64,922530998184
PAR,49,41,64,293182867485
PAR,50,40,64,129584039782
PAR,1,2,64,23071
LIN,1,2,1,192
PAR,2,2,64,9372
LIN,2,2,1,80
PAR,3,2,64,21110
LIN,3,2,1,150
PAR,4,3,64,31421
LIN,4,3,1,205
PAR,5,4,64,33881
LIN,5,4,1,339
PAR,6,5,64,70301
LIN,6,5,1,552
PAR,7,20,64,453290
LIN,7,20,1,8372415
PAR,8,21,64,746805
LIN,8,21,1,14007384
PAR,9,25,64,4562347
LIN,9,25,1,208280790
PAR,10,21,64,1424689
LIN,10,21,1,14076000
PAR,11,30,64,206885380
LIN,11,30,1,8189236457
PAR,12,21,64,1617568
LIN,12,21,1,20020094
PAR,13,39,64,70358241086
PAR,22,2,64,26847
LIN,22,2,1,415
PAR,23,4,64,23004
LIN,23,4,1,364
PAR,24,5,64,49169
LIN,24,5,1,545
PAR,25,8,64,57381
LIN,25,8,1,2070
PAR,26,9,64,75770
LIN,26,9,1,4854
PAR,27,12,64,121906
LIN,27,12,1,36729
PAR,28,10,64,62103
LIN,28,10,1,9719
PAR,29,12,64,88415
LIN,29,12,1,31792
PAR,30,16,64,179504
LIN,30,16,1,501333
PAR,31,18,64,257836
LIN,31,18,1,1993316
PAR,32,18,64,267862
LIN,32,18,1,2034540
PAR,33,21,64,519534
LIN,33,21,1,15390184
PAR,34,24,64,3379505
LIN,34,24,1,110676444
PAR,35,26,64,9966122
LIN,35,26,1,414794609
PAR,36,28,64,33906028
LIN,36,28,1,1654309262
PAR,37,29,64,66507488
LIN,37,29,1,3306864678
PAR,38,27,64,15760922
LIN,38,27,1,826301893
PAR,39,29,64,62475518
LIN,39,29,1,3307438392
PAR,40,31,64,244453308
LIN,40,31,1,13281389074
PAR,41,34,64,2051690218
LIN,41,34,1,107563134042
PAR,42,35,64,4463513368
PAR,43,36,64,7879062492
PAR,44,40,64,114050221475
PAR,45,39,64,70310813585
PAR,46,42,64,514097116419
PAR,47,43,64,1198727798536
PAR,48,43,64,917733280062
PAR,49,41,64,292775958591
PAR,50,40,64,129660735760
PAR,1,2,64,22280
LIN,1,2,1,222
PAR,2,2,64,36261
LIN,2,2,1,55
PAR,3,2,64,25995
LIN,3,2,1,127
PAR,4,3,64,20503
LIN,4,3,1,178
PAR,5,4,64,28460
LIN,5,4,1,408
PAR,6,5,64,47527
LIN,6,5,1,534
PAR,7,20,64,470102
LIN,7,20,1,7638254
PAR,8,21,64,781322
LIN,8,21,1,14437162
PAR,9,25,64,4449395
LIN,9,25,1,215620328
PAR,10,21,64,1255604
LIN,10,21,1,14929996
PAR,11,30,64,202577739
LIN,11,30,1,8112085021
PAR,12,21,64,1630725
LIN,12,21,1,20863146
PAR,13,39,64,70048141577
PAR,22,2,64,28403
LIN,22,2,1,136
PAR,23,4,64,26112
LIN,23,4,1,345
PAR,24,5,64,45339
LIN,24,5,1,504
PAR,25,8,64,73363
LIN,25,8,1,2433
PAR,26,9,64,69006
LIN,26,9,1,4189
PAR,27,12,64,89083
LIN,27,12,1,32105
PAR,28,10,64,75927
LIN,28,10,1,9910
PAR,29,12,64,116106
LIN,29,12,1,31548
PAR,30,16,64,192279
LIN,30,16,1,507625
PAR,31,18,64,261373
LIN,31,18,1,2068377
PAR,32,18,64,262675
LIN,32,18,1,2058562
PAR,33,21,64,587880
LIN,33,21,1,15054889
PAR,34,24,64,3375045
LIN,34,24,1,114508201
PAR,35,26,64,10807579
LIN,35,26,1,438956674
PAR,36,28,64,35466508
LIN,36,28,1,1658738788
PAR,37,29,64,66903253
LIN,37,29,1,3559014866
PAR,38,27,64,15710740
LIN,38,27,1,824741715
PAR,39,29,64,63302296
LIN,39,29,1,3297945230
PAR,40,31,64,247177915
LIN,40,31,1,13164471121
PAR,41,34,64,2034406534
LIN,41,34,1,105755196276
PAR,42,35,64,4462193465
PAR,43,36,64,7880560104
PAR,44,40,64,114637241835
PAR,45,39,64,70293330454
PAR,46,42,64,512819696762
PAR,47,43,64,1128723201735
PAR,48,43,64,939450489241
PAR,49,41,64,293233185042
PAR,50,40,64,131384887413
PAR,1,2,64,54773
LIN,1,2,1,204
PAR,2,2,64,12301
LIN,2,2,1,58
PAR,3,2,64,30230
LIN,3,2,1,143
PAR,4,3,64,39333
LIN,4,3,1,169
PAR,5,4,64,41043
LIN,5,4,1,373
PAR,6,5,64,49538
LIN,6,5,1,676
PAR,7,20,64,3197819
LIN,7,20,1,9214163
PAR,8,21,64,1264722
LIN,8,21,1,16107217
PAR,9,25,64,17217567
LIN,9,25,1,260057298
PAR,10,21,64,3371617
LIN,10,21,1,18408233
PAR,11,30,64,250759548
LIN,11,30,1,9892028995
PAR,12,21,64,1624170
LIN,12,21,1,20813754
PAR,13,39,64,69854744367
PAR,22,2,64,29611
LIN,22,2,1,239
PAR,23,4,64,15518
LIN,23,4,1,467
PAR,24,5,64,57191
LIN,24,5,1,543
PAR,25,8,64,68090
LIN,25,8,1,2129
PAR,26,9,64,76360
LIN,26,9,1,4336
PAR,27,12,64,120321
LIN,27,12,1,31569
PAR,28,10,64,71906
LIN,28,10,1,10505
PAR,29,12,64,81652
LIN,29,12,1,31109
PAR,30,16,64,160466
LIN,30,16,1,496809
PAR,31,18,64,236443
LIN,31,18,1,2033452
PAR,32,18,64,249774
LIN,32,18,1,2021392
PAR,33,21,64,602245
LIN,33,21,1,14499535
PAR,34,24,64,3152556
LIN,34,24,1,104950262
PAR,35,26,64,10993430
LIN,35,26,1,413820307
PAR,36,28,64,33675187
LIN,36,28,1,1696944497
PAR,37,29,64,67522723
LIN,37,29,1,3456824297
PAR,38,27,64,16822253
LIN,38,27,1,823894787
PAR,39,29,64,65388010
LIN,39,29,1,3295070787
PAR,40,31,64,245575956
LIN,40,31,1,13386680715
PAR,41,34,64,2019629850
LIN,41,34,1,106767287046
PAR,42,35,64,4398408851
PAR,43,36,64,7765588619
PAR,44,40,64,112479242442
PAR,45,39,64,69858432753
PAR,46,42,64,505181057392
PAR,47,43,64,1126216069660
PAR,48,43,64,917250712618
PAR,49,41,64,293569176511
PAR,50,40,64,127947974489
PAR,1,2,64,35095
LIN,1,2,1,211
PAR,2,2,64,13436
LIN,2,2,1,54
PAR,3,2,64,20347
LIN,3,2,1,136
PAR,4,3,64,25299
LIN,4,3,1,189
PAR,5,4,64,45340
LIN,5,4,1,376
PAR,6,5,64,52398
LIN,6,5,1,545
PAR,7,20,64,495054
LIN,7,20,1,8286304
PAR,8,21,64,684977
LIN,8,21,1,14926892
PAR,9,25,64,4392426
LIN,9,25,1,225430986
PAR,10,21,64,1291683
LIN,10,21,1,15571794
PAR,11,30,64,202024342
LIN,11,30,1,8855635888
PAR,12,21,64,1638002
LIN,12,21,1,19689346
PAR,13,39,64,69459712289
PAR,22,2,64,21682
LIN,22,2,1,226
PAR,23,4,64,32984
LIN,23,4,1,339
PAR,24,5,64,51374
LIN,24,5,1,491
PAR,25,8,64,50258
LIN,25,8,1,2524
PAR,26,9,64,53412
LIN,26,9,1,4275
PAR,27,12,64,113545
LIN,27,12,1,31973
PAR,28,10,64,68683
LIN,28,10,1,9271
PAR,29,12,64,95955
LIN,29,12,1,31435
PAR,30,16,64,160887
LIN,30,16,1,501853
PAR,31,18,64,270005
LIN,31,18,1,2046155
PAR,32,18,64,242729
LIN,32,18,1,2027463
PAR,33,21,64,546858
LIN,33,21,1,15059679
PAR,34,24,64,3192549
LIN,34,24,1,105106966
PAR,35,26,64,10003103
LIN,35,26,1,413723367
PAR,36,28,64,33462438
LIN,36,28,1,1646537871
PAR,37,29,64,66555304
LIN,37,29,1,3292327769
PAR,38,27,64,15654755
LIN,38,27,1,823464924
PAR,39,29,64,61776045
LIN,39,29,1,3295072289
PAR,40,31,64,240822323
LIN,40,31,1,13145674878
PAR,41,34,64,2006985696
LIN,41,34,1,107713686733
PAR,42,35,64,4396671420
PAR,43,36,64,7772898882
PAR,44,40,64,113645868371
PAR,45,39,64,69495491678
PAR,46,42,64,518212585292
PAR,47,43,64,1124218125774
PAR,48,43,64,907659305888
PAR,49,41,64,289398787360
PAR,50,40,64,127641963719
PAR,1,2,64,43050
LIN,1,2,1,217
PAR,2,2,64,35025
LIN,2,2,1,66
PAR,3,2,64,27753
LIN,3,2,1,149
PAR,4,3,64,30729
LIN,4,3,1,198
PAR,5,4,64,46989
LIN,5,4,1,406
PAR,6,5,64,74996
LIN,6,5,1,526
PAR,7,20,64,508048
LIN,7,20,1,8413343
PAR,8,21,64,762589
LIN,8,21,1,13580791
PAR,9,25,64,4506820
LIN,9,25,1,218890179
PAR,10,21,64,1265425
LIN,10,21,1,14584368
PAR,11,30,64,202553780
LIN,11,30,1,9403191718
PAR,12,21,64,1697419
LIN,12,21,1,20319460
PAR,13,39,64,68864388577
PAR,22,2,64,28964
LIN,22,2,1,195
PAR,23,4,64,22862
LIN,23,4,1,369
PAR,24,5,64,46826
LIN,24,5,1,472
PAR,25,8,64,77297
LIN,25,8,1,2304
PAR,26,9,64,78251
LIN,26,9,1,4434
PAR,27,12,64,108868
LIN,27,12,1,31748
PAR,28,10,64,80424
LIN,28,10,1,9292
PAR,29,12,64,114262
LIN,29,12,1,31892
PAR,30,16,64,191185
LIN,30,16,1,489566
PAR,31,18,64,246195
LIN,31,18,1,1997638
PAR,32,18,64,239724
LIN,32,18,1,2043134
PAR,33,21,64,525185
LIN,33,21,1,14892008
PAR,34,24,64,3132242
LIN,34,24,1,105255113
PAR,35,26,64,10035372
LIN,35,26,1,413397218
PAR,36,28,64,33326336
LIN,36,28,1,1646114382
PAR,37,29,64,65811435
LIN,37,29,1,3293405832
PAR,38,27,64,14882375
LIN,38,27,1,823635904
PAR,39,29,64,60978366
LIN,39,29,1,3293589545
PAR,40,31,64,240818052
LIN,40,31,1,13691216612
PAR,41,34,64,2008823708
LIN,41,34,1,107578021843
PAR,42,35,64,4421596698
PAR,43,36,64,7766148684
PAR,44,40,64,112490442737
PAR,45,39,64,69818144064
PAR,46,42,64,510310242442
PAR,47,43,64,1119101099580
PAR,48,43,64,907408234894
PAR,49,41,64,292311680209
PAR,50,40,64,129143025213
PAR,1,2,64,23703
LIN,1,2,1,271
PAR,2,2,64,32439
LIN,2,2,1,74
PAR,3,2,64,24562
LIN,3,2,1,144
PAR,4,3,64,40042
LIN,4,3,1,170
PAR,5,4,64,60345
LIN,5,4,1,302
PAR,6,5,64,38408
LIN,6,5,1,564
PAR,7,20,64,492042
LIN,7,20,1,7544409
PAR,8,21,64,713189
LIN,8,21,1,14080086
PAR,9,25,64,4589211
LIN,9,25,1,207361778
PAR,10,21,64,1173598
LIN,10,21,1,14504568
PAR,11,30,64,206109567
LIN,11,30,1,8734623205
PAR,12,21,64,1567624
LIN,12,21,1,20392420
PAR,13,39,64,69884056947
PAR,22,2,64,18967
LIN,22,2,1,188
PAR,23,4,64,30258
LIN,23,4,1,377
PAR,24,5,64,51143
LIN,24,5,1,502
PAR,25,8,64,61335
LIN,25,8,1,2151
PAR,26,9,64,74716
LIN,26,9,1,4619
PAR,27,12,64,77738
LIN,27,12,1,31919
PAR,28,10,64,65657
LIN,28,10,1,9331
PAR,29,12,64,74749
LIN,29,12,1,31525
PAR,30,16,64,207024
LIN,30,16,1,505985
PAR,31,18,64,269675
LIN,31,18,1,2049294
PAR,32,18,64,224516
LIN,32,18,1,2023100
PAR,33,21,64,610866
LIN,33,21,1,14517637
PAR,34,24,64,3133731
LIN,34,24,1,105174220
PAR,35,26,64,10029520
LIN,35,26,1,414468748
PAR,36,28,64,33854706
LIN,36,28,1,1803530546
PAR,37,29,64,89190122
LIN,37,29,1,3315055769
PAR,38,27,64,15610100
LIN,38,27,1,824998083
PAR,39,29,64,63223183
LIN,39,29,1,3294048724
PAR,40,31,64,243007931
LIN,40,31,1,13459831303
PAR,41,34,64,2033637725
LIN,41,34,1,106581062715
PAR,42,35,64,4463185130
PAR,43,36,64,7888625610
PAR,44,40,64,114121031623
PAR,45,39,64,70290023232
PAR,46,42,64,511125009708
PAR,47,43,64,1125242950996
PAR,48,43,64,906440700722
PAR,49,41,64,291010644910
PAR,50,40,64,129397387170
PAR,1,2,64,10220
LIN,1,2,1,229
PAR,2,2,64,18297
LIN,2,2,1,67
PAR,3,2,64,9087
LIN,3,2,1,120
PAR,4,3,64,17829
LIN,4,3,1,160
PAR,5,4,64,39907
LIN,5,4,1,337
PAR,6,5,64,54795
LIN,6,5,1,623
PAR,7,20,64,504635
LIN,7,20,1,8000819
PAR,8,21,64,759809
LIN,8,21,1,14832402
PAR,9,25,64,4644538
LIN,9,25,1,214918653
PAR,10,21,64,1357808
LIN,10,21,1,15442437
PAR,11,30,64,206304300
LIN,11,30,1,8119274683
PAR,12,21,64,1706821
LIN,12,21,1,20793434
PAR,13,39,64,69836802946
PAR,22,2,64,41232
LIN,22,2,1,209
PAR,23,4,64,32269
LIN,23,4,1,329
PAR,24,5,64,26792
LIN,24,5,1,526
PAR,25,8,64,72710
LIN,25,8,1,2224
PAR,26,9,64,67237
LIN,26,9,1,4341
PAR,27,12,64,101006
LIN,27,12,1,32024
PAR,28,10,64,68065
LIN,28,10,1,10182
PAR,29,12,64,109768
LIN,29,12,1,31534
PAR,30,16,64,161673
LIN,30,16,1,509863
PAR,31,18,64,249252
LIN,31,18,1,2038857
PAR,32,18,64,265860
LIN,32,18,1,2017549
PAR,33,21,64,548200
LIN,33,21,1,14593151
PAR,34,24,64,3436468
LIN,34,24,1,105503157
PAR,35,26,64,10062461
LIN,35,26,1,415143409
PAR,36,28,64,33889032
LIN,36,28,1,1651662392
PAR,37,29,64,68761848
LIN,37,29,1,3304485354
PAR,38,27,64,15737733
LIN,38,27,1,825738684
PAR,39,29,64,62073497
LIN,39,29,1,3432967298
PAR,40,31,64,246607888
LIN,40,31,1,13184632233
PAR,41,34,64,2034770446
LIN,41,34,1,106379149241
PAR,42,35,64,4464785141
PAR,43,36,64,7885259666
PAR,44,40,64,114218640096
PAR,45,39,64,70496329311
PAR,46,42,64,512021720775
PAR,47,43,64,1127022853925
PAR,48,43,64,989260788845
PAR,49,41,64,329583696666
PAR,50,40,64,139352442386
PAR,1,2,64,27799
LIN,1,2,1,189
PAR,2,2,64,22469
LIN,2,2,1,77
PAR,3,2,64,18821
LIN,3,2,1,153
PAR,4,3,64,34746
LIN,4,3,1,173
PAR,5,4,64,44786
LIN,5,4,1,388
PAR,6,5,64,47521
LIN,6,5,1,566
PAR,7,20,64,527220
LIN,7,20,1,8175444
PAR,8,21,64,688146
LIN,8,21,1,13742063
PAR,9,25,64,5357843
LIN,9,25,1,233049125
PAR,10,21,64,1272584
LIN,10,21,1,15812991
PAR,11,30,64,226236256
LIN,11,30,1,8780069980
PAR,12,21,64,1694899
LIN,12,21,1,22014314
PAR,13,39,64,75301467578
PAR,22,2,64,24490
LIN,22,2,1,266
PAR,23,4,64,38674
LIN,23,4,1,375
PAR,24,5,64,40517
LIN,24,5,1,445
PAR,25,8,64,59743
LIN,25,8,1,2186
PAR,26,9,64,86473
LIN,26,9,1,4286
PAR,27,12,64,94779
LIN,27,12,1,31536
PAR,28,10,64,86150
LIN,28,10,1,9331
PAR,29,12,64,104684
LIN,29,12,1,31576
PAR,30,16,64,174466
LIN,30,16,1,500041
PAR,31,18,64,298400
LIN,31,18,1,2032192
PAR,32,18,64,269258
LIN,32,18,1,2018216
PAR,33,21,64,623152
LIN,33,21,1,15405069
PAR,34,24,64,3299553
LIN,34,24,1,116960114
PAR,35,26,64,12075783
LIN,35,26,1,451714230
PAR,36,28,64,37223348
LIN,36,28,1,1791358992
PAR,37,29,64,77561059
LIN,37,29,1,3605137883
PAR,38,27,64,18721604
LIN,38,27,1,929198909
PAR,39,29,64,69160937
LIN,39,29,1,3595737744
PAR,40,31,64,266661022
LIN,40,31,1,14467134786
PAR,41,34,64,2195696845
LIN,41,34,1,120617341983
PAR,42,35,64,4787875527
PAR,43,36,64,8476001812
PAR,44,40,64,122925503904
PAR,45,39,64,75655868690
PAR,46,42,64,558852704333
PAR,47,43,64,1124760315565
PAR,48,43,64,915399953577
PAR,49,41,64,292382022897
PAR,50,40,64,129402493335
PAR,1,2,64,9604
LIN,1,2,1,226
PAR,2,2,64,17893
LIN,2,2,1,62
PAR,3,2,64,27083
LIN,3,2,1,148
PAR,4,3,64,29224
LIN,4,3,1,180
PAR,5,4,64,32361
LIN,5,4,1,354
PAR,6,5,64,35578
LIN,6,5,1,627
PAR,7,20,64,516576
LIN,7,20,1,8701151
PAR,8,21,64,821854
LIN,8,21,1,14243668
PAR,9,25,64,4621732
LIN,9,25,1,224163018
PAR,10,21,64,1364118
LIN,10,21,1,15710669
PAR,11,30,64,206073354
LIN,11,30,1,8437337008
PAR,12,21,64,1536580
LIN,12,21,1,20307215
PAR,13,39,64,69865873886
PAR,22,2,64,23633
LIN,22,2,1,200
PAR,23,4,64,36471
LIN,23,4,1,413
PAR,24,5,64,36171
LIN,24,5,1,465
PAR,25,8,64,70005
LIN,25,8,1,2352
PAR,26,9,64,74679
LIN,26,9,1,4510
PAR,27,12,64,112959
LIN,27,12,1,31608
PAR,28,10,64,64825
LIN,28,10,1,9425
PAR,29,12,64,93841
LIN,29,12,1,31397
PAR,30,16,64,200769
LIN,30,16,1,505447
PAR,31,18,64,245728
LIN,31,18,1,2041965
PAR,32,18,64,249448
LIN,32,18,1,2031550
PAR,33,21,64,591179
LIN,33,21,1,14828810
PAR,34,24,64,3500513
LIN,34,24,1,105718803
PAR,35,26,64,11125841
LIN,35,26,1,414482062
PAR,36,28,64,34513814
LIN,36,28,1,1660282014
PAR,37,29,64,67643254
LIN,37,29,1,3310761466
PAR,38,27,64,15304461
LIN,38,27,1,826691907
PAR,39,29,64,62419685
LIN,39,29,1,3316167147
PAR,40,31,64,245193211
LIN,40,31,1,13206955100
PAR,41,34,64,2039002403
LIN,41,34,1,106511331985
PAR,42,35,64,4463021427
PAR,43,36,64,7888763220
PAR,44,40,64,114150722849
PAR,45,39,64,70320697072
PAR,46,42,64,511841834707
PAR,47,43,64,1124569394512
PAR,48,43,64,916797687885
PAR,49,41,64,292625255429
PAR,50,40,64,129455036990
PAR,1,2,64,39647
LIN,1,2,1,169
PAR,2,2,64,17943
LIN,2,2,1,67
PAR,3,2,64,7185
LIN,3,2,1,148
PAR,4,3,64,8007
LIN,4,3,1,175
PAR,5,4,64,46807
LIN,5,4,1,379
PAR,6,5,64,60257
LIN,6,5,1,497
PAR,7,20,64,450752
LIN,7,20,1,7697894
PAR,8,21,64,708851
LIN,8,21,1,14284007
PAR,9,25,64,4750324
LIN,9,25,1,232617321
PAR,10,21,64,1099870
LIN,10,21,1,15732321
PAR,11,30,64,204950676
LIN,11,30,1,8093917052
PAR,12,21,64,1631020
LIN,12,21,1,20095492
PAR,13,39,64,70417362102
PAR,22,2,64,24008
LIN,22,2,1,183
PAR,23,4,64,11550
LIN,23,4,1,277
PAR,24,5,64,9925
LIN,24,5,1,361
PAR,25,8,64,27793
LIN,25,8,1,2252
PAR,26,9,64,28635
LIN,26,9,1,4078
PAR,27,12,64,57803
LIN,27,12,1,31881
PAR,28,10,64,38248
LIN,28,10,1,9474
PAR,29,12,64,72146
LIN,29,12,1,29233
PAR,30,16,64,134920
LIN,30,16,1,497219
PAR,31,18,64,291908
LIN,31,18,1,2054162
PAR,32,18,64,263167
LIN,32,18,1,2041148
PAR,33,21,64,592163
LIN,33,21,1,15105930
PAR,34,24,64,3398694
LIN,34,24,1,104928907
PAR,35,26,64,9999361
LIN,35,26,1,414427972
PAR,36,28,64,33999932
LIN,36,28,1,1649991639
PAR,37,29,64,68323627
LIN,37,29,1,3300200461
PAR,38,27,64,15476955
LIN,38,27,1,826353621
PAR,39,29,64,62066650
LIN,39,29,1,3483205586
PAR,40,31,64,244455809
LIN,40,31,1,13312917171
PAR,41,34,64,2032180808
LIN,41,34,1,106157164417
PAR,42,35,64,4457757859
PAR,43,36,64,7874053325
PAR,44,40,64,114123354447
PAR,45,39,64,70309200065
PAR,46,42,64,511559626641
PAR,47,43,64,1124276317406
PAR,48,43,64,915652337600
PAR,49,41,64,292320767751
PAR,50,40,64,129329798799
PAR,1,2,64,24081
LIN,1,2,1,153
PAR,2,2,64,12422
LIN,2,2,1,59
PAR,3,2,64,26108
LIN,3,2,1,125
PAR,4,3,64,13072
LIN,4,3,1,174
PAR,5,4,64,36476
LIN,5,4,1,350
PAR,6,5,64,66468
LIN,6,5,1,592
PAR,7,20,64,434074
LIN,7,20,1,7568789
PAR,8,21,64,748984
LIN,8,21,1,13365904
PAR,9,25,64,4731615
LIN,9,25,1,207507559
PAR,10,21,64,1253644
LIN,10,21,1,14699357
PAR,11,30,64,205644050
LIN,11,30,1,8683494647
PAR,12,21,64,1446397
LIN,12,21,1,22352801
PAR,13,39,64,69754363570
PAR,22,2,64,17890
LIN,22,2,1,310
PAR,23,4,64,29344
LIN,23,4,1,425
PAR,24,5,64,45253
LIN,24,5,1,439
PAR,25,8,64,56141
LIN,25,8,1,2079
PAR,26,9,64,61098
LIN,26,9,1,4311
PAR,27,12,64,103275
LIN,27,12,1,31778
PAR,28,10,64,56020
LIN,28,10,1,9621
PAR,29,12,64,100970
LIN,29,12,1,31401
PAR,30,16,64,154318
LIN,30,16,1,504945
PAR,31,18,64,245932
LIN,31,18,1,2053973
PAR,32,18,64,247542
LIN,32,18,1,2039867
PAR,33,21,64,602993
LIN,33,21,1,14622598
PAR,34,24,64,3266788
LIN,34,24,1,105118096
PAR,35,26,64,10253879
LIN,35,26,1,413533833
PAR,36,28,64,35309981
LIN,36,28,1,1646502591
PAR,37,29,64,68081059
LIN,37,29,1,3302991409
PAR,38,27,64,15490712
LIN,38,27,1,922022136
PAR,39,29,64,61592907
LIN,39,29,1,3293617861
PAR,40,31,64,244842212
LIN,40,31,1,13150420503
PAR,41,34,64,2023400278
LIN,41,34,1,105414810828
PAR,42,35,64,4453262957
PAR,43,36,64,7877170112
PAR,44,40,64,114127711430
PAR,45,39,64,70296542207
PAR,46,42,64,510878902223
PAR,47,43,64,1124235823110
PAR,48,43,64,915804191892
PAR,49,41,64,292484523731
PAR,50,40,64,129357021645
PAR,1,2,64,19030
LIN,1,2,1,192
PAR,2,2,64,19016
LIN,2,2,1,69
PAR,3,2,64,16357
LIN,3,2,1,145
PAR,4,3,64,31301
LIN,4,3,1,171
PAR,5,4,64,36315
LIN,5,4,1,346
PAR,6,5,64,42637
LIN,6,5,1,566
PAR,7,20,64,466025
LIN,7,20,1,7677295
PAR,8,21,64,733361
LIN,8,21,1,14005634
PAR,9,25,64,5223517
LIN,9,25,1,208316789
PAR,10,21,64,1251833
LIN,10,21,1,15516955
PAR,11,30,64,206025275
LIN,11,30,1,8425760198
PAR,12,21,64,1592130
LIN,12,21,1,19793780
PAR,13,39,64,69844790654
PAR,22,2,64,27909
LIN,22,2,1,219
PAR,23,4,64,46465
LIN,23,4,1,409
PAR,24,5,64,30770
LIN,24,5,1,499
PAR,25,8,64,67195
LIN,25,8,1,2078
PAR,26,9,64,64981
LIN,26,9,1,4395
PAR,27,12,64,82431
LIN,27,12,1,31690
PAR,28,10,64,66921
LIN,28,10,1,9972
PAR,29,12,64,111012
LIN,29,12,1,31670
PAR,30,16,64,171932
LIN,30,16,1,508409
PAR,31,18,64,256400
LIN,31,18,1,2051342
PAR,32,18,64,249009
LIN,32,18,1,2032812
PAR,33,21,64,559421
LIN,33,21,1,14870681
PAR,34,24,64,3205164
LIN,34,24,1,105298354
PAR,35,26,64,10706362
LIN,35,26,1,413970983
PAR,36,28,64,36045837
LIN,36,28,1,1650473033
PAR,37,29,64,66457035
LIN,37,29,1,3299833449
PAR,38,27,64,15428847
LIN,38,27,1,825261105
PAR,39,29,64,62015816
LIN,39,29,1,3300406706
PAR,40,31,64,246144768
LIN,40,31,1,13167905766
PAR,41,34,64,2034318894
LIN,41,34,1,107102918043
PAR,42,35,64,4460986335
PAR,43,36,64,7884935928
PAR,44,40,64,114117461198
PAR,45,39,64,70327229224
PAR,46,42,64,514182423789
PAR,47,43,64,1124382534621
PAR,48,43,64,915112800578
PAR,49,41,64,292176969422
PAR,50,40,64,129354787279
PAR,1,2,64,19318
LIN,1,2,1,169
PAR,2,2,64,25051
LIN,2,2,1,74
PAR,3,2,64,15539
LIN,3,2,1,146
PAR,4,3,64,26604
LIN,4,3,1,188
PAR,5,4,64,48643
LIN,5,4,1,374
PAR,6,5,64,46271
LIN,6,5,1,540
PAR,7,20,64,441134
LIN,7,20,1,7922458
PAR,8,21,64,768620
LIN,8,21,1,13980490
PAR,9,25,64,4709729
LIN,9,25,1,207794985
PAR,10,21,64,1377964
LIN,10,21,1,14098218
PAR,11,30,64,208451140
LIN,11,30,1,9979179377
PAR,12,21,64,1591187
LIN,12,21,1,20505364
PAR,13,39,64,69843951659
PAR,22,2,64,17311
LIN,22,2,1,207
PAR,23,4,64,46892
LIN,23,4,1,368
PAR,24,5,64,39511
LIN,24,5,1,508
PAR,25,8,64,77315
LIN,25,8,1,2218
PAR,26,9,64,73747
LIN,26,9,1,4243
PAR,27,12,64,105300
LIN,27,12,1,31596
PAR,28,10,64,62284
LIN,28,10,1,9416
PAR,29,12,64,84895
LIN,29,12,1,30978
PAR,30,16,64,159288
LIN,30,16,1,505091
PAR,31,18,64,237900
LIN,31,18,1,2035460
PAR,32,18,64,284477
LIN,32,18,1,2025731
PAR,33,21,64,578695
LIN,33,21,1,14829790
PAR,34,24,64,3473714
LIN,34,24,1,105243731
PAR,35,26,64,10516786
LIN,35,26,1,413249208
PAR,36,28,64,34847313
LIN,36,28,1,1646752131
PAR,37,29,64,67075894
LIN,37,29,1,3293751602
PAR,38,27,64,16721585
LIN,38,27,1,824956543
PAR,39,29,64,62578553
LIN,39,29,1,3298699692
PAR,40,31,64,246173483
LIN,40,31,1,13291747908
PAR,41,34,64,2034535436
LIN,41,34,1,106371749494
PAR,42,35,64,4447262764
PAR,43,36,64,7856556464
PAR,44,40,64,114048610399
PAR,45,39,64,70240810115
PAR,46,42,64,511301217855
PAR,47,43,64,1124361348199
PAR,48,43,64,916347254866
PAR,49,41,64,292258559780
PAR,50,40,64,129406540094
PAR,1,2,64,26208
LIN,1,2,1,180
PAR,2,2,64,23114
LIN,2,2,1,74
PAR,3,2,64,17342
LIN,3,2,1,151
PAR,4,3,64,29198
LIN,4,3,1,187
PAR,5,4,64,37341
LIN,5,4,1,325
PAR,6,5,64,38248
LIN,6,5,1,604
PAR,7,20,64,536473
LIN,7,20,1,8490404
PAR,8,21,64,699464
LIN,8,21,1,14018297
PAR,9,25,64,4906263
LIN,9,25,1,208155369
PAR,10,21,64,1281032
LIN,10,21,1,15561167
PAR,11,30,64,207749742
LIN,11,30,1,8183049141
PAR,12,21,64,1643674
LIN,12,21,1,21050102
PAR,13,39,64,70734457463
PAR,22,2,64,9601
LIN,22,2,1,174
PAR,23,4,64,13563
LIN,23,4,1,288
PAR,24,5,64,20760
LIN,24,5,1,391
PAR,25,8,64,38267
LIN,25,8,1,1952
PAR,26,9,64,34363
LIN,26,9,1,4308
PAR,27,12,64,51671
LIN,27,12,1,31503
PAR,28,10,64,52708
LIN,28,10,1,8829
PAR,29,12,64,91581
LIN,29,12,1,31370
PAR,30,16,64,151884
LIN,30,16,1,529950
PAR,31,18,64,262126
LIN,31,18,1,1930258
PAR,32,18,64,235926
LIN,32,18,1,2037415
PAR,33,21,64,591226
LIN,33,21,1,15490406
PAR,34,24,64,3014165
LIN,34,24,1,105019789
PAR,35,26,64,10147499
LIN,35,26,1,414974362
PAR,36,28,64,33877501
LIN,36,28,1,1649820133
PAR,37,29,64,66785685
LIN,37,29,1,3299985757
PAR,38,27,64,15354549
LIN,38,27,1,824767037
PAR,39,29,64,62286492
LIN,39,29,1,3300916369
PAR,40,31,64,246069611
LIN,40,31,1,13480886465
PAR,41,34,64,2035509252
LIN,41,34,1,106382334823
PAR,42,35,64,4461965396
PAR,43,36,64,7886850772
PAR,44,40,64,114168908189
PAR,45,39,64,70363171765
PAR,46,42,64,510868940687
PAR,47,43,64,1124786081931
PAR,48,43,64,915763388030
PAR,49,41,64,292515451228
PAR,50,40,64,129295414302
PAR,1,2,64,14017
LIN,1,2,1,197
PAR,2,2,64,17184
LIN,2,2,1,55
PAR,3,2,64,20265
LIN,3,2,1,129
PAR,4,3,64,22315
LIN,4,3,1,182
PAR,5,4,64,49548
LIN,5,4,1,419
PAR,6,5,64,24377
LIN,6,5,1,557
PAR,7,20,64,488243
LIN,7,20,1,8601777
PAR,8,21,64,728514
LIN,8,21,1,15189826
PAR,9,25,64,5176496
LIN,9,25,1,213221173
PAR,10,21,64,1309052
LIN,10,21,1,14041741
PAR,11,30,64,207114946
LIN,11,30,1,8408832484
PAR,12,21,64,1617527
LIN,12,21,1,21072494
PAR,13,39,64,69833694141
PAR,22,2,64,30849
LIN,22,2,1,211
PAR,23,4,64,14141
LIN,23,4,1,371
PAR,24,5,64,31743
LIN,24,5,1,483
PAR,25,8,64,59365
LIN,25,8,1,2396
PAR,26,9,64,64833
LIN,26,9,1,3884
PAR,27,12,64,101646
LIN,27,12,1,32242
PAR,28,10,64,69993
LIN,28,10,1,9621
PAR,29,12,64,124094
LIN,29,12,1,33414
PAR,30,16,64,177291
LIN,30,16,1,507890
PAR,31,18,64,297020
LIN,31,18,1,1990001
PAR,32,18,64,235640
LIN,32,18,1,2027499
PAR,33,21,64,640141
LIN,33,21,1,14440975
PAR,34,24,64,3201919
LIN,34,24,1,104927271
PAR,35,26,64,10001723
LIN,35,26,1,414888433
PAR,36,28,64,33668600
LIN,36,28,1,1651168319
PAR,37,29,64,66821657
LIN,37,29,1,3303786396
PAR,38,27,64,16834584
LIN,38,27,1,826036071
PAR,39,29,64,61569140
LIN,39,29,1,3306540126
PAR,40,31,64,245864249
LIN,40,31,1,13187073312
PAR,41,34,64,2035441163
LIN,41,34,1,106715721714
PAR,42,35,64,4466061319
PAR,43,36,64,7887494198
PAR,44,40,64,114071648688
PAR,45,39,64,70341505293
PAR,46,42,64,511663242877
PAR,47,43,64,1124162642644
PAR,48,43,64,915697846655
PAR,49,41,64,292481175561
PAR,50,40,64,129347544394
PAR,1,2,64,19384
LIN,1,2,1,146
PAR,2,2,64,16701
LIN,2,2,1,61
PAR,3,2,64,24209
LIN,3,2,1,122
PAR,4,3,64,18160
LIN,4,3,1,146
PAR,5,4,64,39618
LIN,5,4,1,406
PAR,6,5,64,53115
LIN,6,5,1,651
PAR,7,20,64,452107
LIN,7,20,1,8415748
PAR,8,21,64,738498
LIN,8,21,1,13559460
PAR,9,25,64,5450313
LIN,9,25,1,207924288
PAR,10,21,64,1522964
LIN,10,21,1,14069309
PAR,11,30,64,206704853
LIN,11,30,1,9077221702
PAR,12,21,64,1655115
LIN,12,21,1,20696371
PAR,13,39,64,69800073491
PAR,22,2,64,17603
LIN,22,2,1,164
PAR,23,4,64,24062
LIN,23,4,1,308
PAR,24,5,64,31962
LIN,24,5,1,531
PAR,25,8,64,63614
LIN,25,8,1,2377
PAR,26,9,64,64609
LIN,26,9,1,4360
PAR,27,12,64,91623
LIN,27,12,1,31687
PAR,28,10,64,77384
LIN,28,10,1,9169
PAR,29,12,64,89652
LIN,29,12,1,31491
PAR,30,16,64,142682
LIN,30,16,1,506116
PAR,31,18,64,292801
LIN,31,18,1,2041134
PAR,32,18,64,282562
LIN,32,18,1,2011249
PAR,33,21,64,610634
LIN,33,21,1,15146654
PAR,34,24,64,3243625
LIN,34,24,1,105155299
PAR,35,26,64,11035594
LIN,35,26,1,413390549
PAR,36,28,64,34722337
LIN,36,28,1,1646823173
PAR,37,29,64,67393479
LIN,37,29,1,3293828582
PAR,38,27,64,18085884
LIN,38,27,1,823906135
PAR,39,29,64,63859585
LIN,39,29,1,3294882283
PAR,40,31,64,247358622
LIN,40,31,1,13150527798
PAR,41,34,64,2041150450
LIN,41,34,1,106221149475
PAR,42,35,64,4468153616
PAR,43,36,64,7885101553
PAR,44,40,64,114035315856
PAR,45,39,64,70252095293
PAR,46,42,64,510914925822
PAR,47,43,64,1124778361740
PAR,48,43,64,915361308353
PAR,49,41,64,292459426786
PAR,50,40,64,129276214537
PAR,1,2,64,19172
LIN,1,2,1,197
PAR,2,2,64,27999
LIN,2,2,1,70
PAR,3,2,64,22062
LIN,3,2,1,148
PAR,4,3,64,22038
LIN,4,3,1,151
PAR,5,4,64,22134
LIN,5,4,1,420
PAR,6,5,64,44887
LIN,6,5,1,538
PAR,7,20,64,503513
LIN,7,20,1,8050008
PAR,8,21,64,688517
LIN,8,21,1,13633010
PAR,9,25,64,5190619
LIN,9,25,1,207920591
PAR,10,21,64,1230168
LIN,10,21,1,15771300
PAR,11,30,64,208117800
LIN,11,30,1,8079355167
PAR,12,21,64,1582994
LIN,12,21,1,21173428
PAR,13,39,64,69853309342
PAR,22,2,64,27708
LIN,22,2,1,179
PAR,23,4,64,28819
LIN,23,4,1,338
PAR,24,5,64,26767
LIN,24,5,1,390
PAR,25,8,64,53416
LIN,25,8,1,2411
PAR,26,9,64,66191
LIN,26,9,1,4189
PAR,27,12,64,106391
LIN,27,12,1,31573
PAR,28,10,64,83797
LIN,28,10,1,9651
PAR,29,12,64,86906
LIN,29,12,1,31209
PAR,30,16,64,189268
LIN,30,16,1,500467
PAR,31,18,64,270621
LIN,31,18,1,2022835
PAR,32,18,64,277800
LIN,32,18,1,2009703
PAR,33,21,64,708303
LIN,33,21,1,15738473
PAR,34,24,64,3105623
LIN,34,24,1,111014772
PAR,35,26,64,10194354
LIN,35,26,1,414288701
PAR,36,28,64,33909960
LIN,36,28,1,1653020478
PAR,37,29,64,66593424
LIN,37,29,1,3300680337
PAR,38,27,64,15304704
LIN,38,27,1,825212322
PAR,39,29,64,62756142
LIN,39,29,1,3299978249
PAR,40,31,64,244946847
LIN,40,31,1,13512946323
PAR,41,34,64,2035949476
LIN,41,34,1,105881173218
PAR,42,35,64,4464826055
PAR,43,36,64,7886063239
PAR,44,40,64,114185805424
PAR,45,39,64,70345094899
PAR,46,42,64,512129777343
PAR,47,43,64,1124960962237
PAR,48,43,64,915978512569
PAR,49,41,64,292468107366
PAR,50,40,64,129403930315
PAR,1,2,64,14097
LIN,1,2,1,198
PAR,2,2,64,16589
LIN,2,2,1,75
PAR,3,2,64,12418
LIN,3,2,1,122
PAR,4,3,64,9575
LIN,4,3,1,176
PAR,5,4,64,44988
LIN,5,4,1,341
PAR,6,5,64,47083
LIN,6,5,1,510
PAR,7,20,64,532842
LIN,7,20,1,8460115
PAR,8,21,64,754235
LIN,8,21,1,14834377
PAR,9,25,64,4460350
LIN,9,25,1,208918214
PAR,10,21,64,1282647
LIN,10,21,1,15808073
PAR,11,30,64,205135996
LIN,11,30,1,8597560092
PAR,12,21,64,1560615
LIN,12,21,1,21118872
PAR,13,39,64,69856584163
PAR,22,2,64,24817
LIN,22,2,1,221
PAR,23,4,64,34719
LIN,23,4,1,386
PAR,24,5,64,60977
LIN,24,5,1,473
PAR,25,8,64,47711
LIN,25,8,1,2174
PAR,26,9,64,73828
LIN,26,9,1,3928
PAR,27,12,64,110949
LIN,27,12,1,31990
PAR,28,10,64,87743
LIN,28,10,1,9223
PAR,29,12,64,102197
LIN,29,12,1,31011
PAR,30,16,64,130418
LIN,30,16,1,505792
PAR,31,18,64,252935
LIN,31,18,1,2032360
PAR,32,18,64,286335
LIN,32,18,1,2016102
PAR,33,21,64,645596
LIN,33,21,1,14554454
PAR,34,24,64,3235319
LIN,34,24,1,105315375
PAR,35,26,64,9992003
LIN,35,26,1,414686750
PAR,36,28,64,34134414
LIN,36,28,1,1647167592
PAR,37,29,64,67109177
LIN,37,29,1,3294198631
PAR,38,27,64,17086901
LIN,38,27,1,823639269
PAR,39,29,64,61926267
LIN,39,29,1,3294349292
PAR,40,31,64,245267084
LIN,40,31,1,13150917840
PAR,41,34,64,2036170377
LIN,41,34,1,105845278871
PAR,42,35,64,4462931685
PAR,43,36,64,7879515805
PAR,44,40,64,114164555692
PAR,45,39,64,70288674745
PAR,46,42,64,511194464419
PAR,47,43,64,1125044611306
PAR,48,43,64,915179860097
PAR,49,41,64,292483294757
PAR,50,40,64,129374264871
PAR,1,2,64,16336
LIN,1,2,1,161
PAR,2,2,64,20987
LIN,2,2,1,55
PAR,3,2,64,17395
LIN,3,2,1,138
PAR,4,3,64,26978
LIN,4,3,1,163
PAR,5,4,64,32115
LIN,5,4,1,357
PAR,6,5,64,26939
LIN,6,5,1,531
PAR,7,20,64,461798
LIN,7,20,1,8336097
PAR,8,21,64,670343
LIN,8,21,1,14459730
PAR,9,25,64,4910376
LIN,9,25,1,208026776
PAR,10,21,64,1442937
LIN,10,21,1,14638593
PAR,11,30,64,206767937
LIN,11,30,1,9639786974
PAR,12,21,64,1587223
LIN,12,21,1,20582437
PAR,13,39,64,69831851989
PAR,22,2,64,29708
LIN,22,2,1,197
PAR,23,4,64,37235
LIN,23,4,1,367
PAR,24,5,64,28200
LIN,24,5,1,422
PAR,25,8,64,65911
LIN,25,8,1,4137
PAR,26,9,64,56924
LIN,26,9,1,4234
PAR,27,12,64,100280
LIN,27,12,1,32076
PAR,28,10,64,84999
LIN,28,10,1,9545
PAR,29,12,64,114491
LIN,29,12,1,31167
PAR,30,16,64,188353
LIN,30,16,1,511637
PAR,31,18,64,272911
LIN,31,18,1,2052690
PAR,32,18,64,296358
LIN,32,18,1,2015081
PAR,33,21,64,641352
LIN,33,21,1,15295393
PAR,34,24,64,3312374
LIN,34,24,1,104711596
PAR,35,26,64,9877657
LIN,35,26,1,413852486
PAR,36,28,64,35839396
LIN,36,28,1,1648946965
PAR,37,29,64,67379516
LIN,37,29,1,3294062613
PAR,38,27,64,15421267
LIN,38,27,1,823694087
PAR,39,29,64,63766110
LIN,39,29,1,3293969100
PAR,40,31,64,245498896
LIN,40,31,1,13150484062
PAR,41,34,64,2034488362
LIN,41,34,1,105979124980
PAR,42,35,64,4460096963
PAR,43,36,64,7883125690
PAR,44,40,64,114135901331
PAR,45,39,64,70308913724
PAR,46,42,64,510693189493
PAR,47,43,64,1125362339822
PAR,48,43,64,915624860396
PAR,49,41,64,292649030768
PAR,50,40,64,129344047308
PAR,1,2,32,2127548
LIN,1,2,1,149
PAR,2,2,32,9854
LIN,2,2,1,51
PAR,3,2,32,23786
LIN,3,2,1,119
PAR,4,3,32,29813
LIN,4,3,1,159
PAR,5,4,32,13595
LIN,5,4,1,325
PAR,6,5,32,22068
LIN,6,5,1,485
PAR,7,20,32,1600503
LIN,7,20,1,6795483
PAR,8,21,32,1020041
LIN,8,21,1,11905463
PAR,9,25,32,6064695
LIN,9,25,1,210899849
PAR,10,21,32,1256094
LIN,10,21,1,12696600
PAR,11,30,32,281727895
LIN,11,30,1,8005047916
PAR,12,21,32,1633098
LIN,12,21,1,18433373
PAR,13,39,32,91813756755
PAR,22,2,32,17526
LIN,22,2,1,182
PAR,23,4,32,23833
LIN,23,4,1,365
PAR,24,5,32,31585
LIN,24,5,1,391
PAR,25,8,32,34724
LIN,25,8,1,2128
PAR,26,9,32,41341
LIN,26,9,1,4365
PAR,27,12,32,45075
LIN,27,12,1,31207
PAR,28,10,32,45308
LIN,28,10,1,9457
PAR,29,12,32,70174
LIN,29,12,1,31471
PAR,30,16,32,139965
LIN,30,16,1,513581
PAR,31,18,32,190566
LIN,31,18,1,1988254
PAR,32,18,32,451713
LIN,32,18,1,2028175
PAR,33,21,32,967084
LIN,33,21,1,13625937
PAR,34,24,32,3180100
LIN,34,24,1,107200046
PAR,35,26,32,10743265
LIN,35,26,1,427430316
PAR,36,28,32,39585213
LIN,36,28,1,1650294373
PAR,37,29,32,76652677
LIN,37,29,1,3310596533
PAR,38,27,32,18059236
LIN,38,27,1,824709852
PAR,39,29,32,85029062
LIN,39,29,1,3298833265
PAR,40,31,32,315264857
LIN,40,31,1,13658888863
PAR,41,34,32,2577019104
LIN,41,34,1,106574168768
PAR,42,35,32,5479187344
PAR,43,36,32,10084702996
PAR,44,40,32,142386003120
PAR,45,39,32,79892521204
PAR,46,42,32,635167462424
PAR,47,43,32,1346331314760
PAR,48,43,32,1163718787631
PAR,49,41,32,388588872418
PAR,50,40,32,147652913147
PAR,1,2,32,13059
LIN,1,2,1,147
PAR,2,2,32,7762
LIN,2,2,1,63
PAR,3,2,32,6441
LIN,3,2,1,135
PAR,4,3,32,20806
LIN,4,3,1,150
PAR,5,4,32,20873
LIN,5,4,1,342
PAR,6,5,32,26548
LIN,6,5,1,538
PAR,7,20,32,395809
LIN,7,20,1,6623653
PAR,8,21,32,1125559
LIN,8,21,1,12694229
PAR,9,25,32,5657260
LIN,9,25,1,217070718
PAR,10,21,32,1256490
LIN,10,21,1,13677911
PAR,11,30,32,269812499
LIN,11,30,1,8310335294
PAR,12,21,32,1446594
LIN,12,21,1,18413940
PAR,13,39,32,91671282675
PAR,22,2,32,19592
LIN,22,2,1,190
PAR,23,4,32,25588
LIN,23,4,1,337
PAR,24,5,32,22401
LIN,24,5,1,413
PAR,25,8,32,30334
LIN,25,8,1,1950
PAR,26,9,32,33045
LIN,26,9,1,3811
PAR,27,12,32,49496
LIN,27,12,1,29302
PAR,28,10,32,48458
LIN,28,10,1,8050
PAR,29,12,32,57549
LIN,29,12,1,29209
PAR,30,16,32,108502
LIN,30,16,1,471019
PAR,31,18,32,172177
LIN,31,18,1,1887548
PAR,32,18,32,344132
LIN,32,18,1,1895521
PAR,33,21,32,1015580
LIN,33,21,1,13259347
PAR,34,24,32,3387769
LIN,34,24,1,103418706
PAR,35,26,32,11158431
LIN,35,26,1,412684801
PAR,36,28,32,40170538
LIN,36,28,1,1655390913
PAR,37,29,32,78445546
LIN,37,29,1,3425451661
PAR,38,27,32,17729797
LIN,38,27,1,890685143
PAR,39,29,32,85701735
LIN,39,29,1,3396386649
PAR,40,31,32,318407642
LIN,40,31,1,13225915803
PAR,41,34,32,2614200109
LIN,41,34,1,106179473076
PAR,42,35,32,5481943431
PAR,43,36,32,10134138446
PAR,44,40,32,142865583305
PAR,45,39,32,79905207715
PAR,46,42,32,624520581998
PAR,47,43,32,1350457250253
PAR,48,43,32,1119655114885
PAR,49,41,32,359947498575
PAR,50,40,32,148381997500
PAR,1,2,32,6053
LIN,1,2,1,134
PAR,2,2,32,18033
LIN,2,2,1,66
PAR,3,2,32,15246
LIN,3,2,1,130
PAR,4,3,32,26021
LIN,4,3,1,164
PAR,5,4,32,20717
LIN,5,4,1,358
PAR,6,5,32,19778
LIN,6,5,1,600
PAR,7,20,32,379580
LIN,7,20,1,6757535
PAR,8,21,32,1148066
LIN,8,21,1,12367382
PAR,9,25,32,5610080
LIN,9,25,1,213875711
PAR,10,21,32,1163678
LIN,10,21,1,13840542
PAR,11,30,32,274401639
LIN,11,30,1,8255676168
PAR,12,21,32,1461567
LIN,12,21,1,18226176
PAR,13,39,32,91522018177
PAR,22,2,32,19039
LIN,22,2,1,203
PAR,23,4,32,18146
LIN,23,4,1,331
PAR,24,5,32,27778
LIN,24,5,1,353
PAR,25,8,32,29967
LIN,25,8,1,1966
PAR,26,9,32,44599
LIN,26,9,1,3840
PAR,27,12,32,52285
LIN,27,12,1,29607
PAR,28,10,32,50330
LIN,28,10,1,8101
PAR,29,12,32,66139
LIN,29,12,1,29205
PAR,30,16,32,101062
LIN,30,16,1,470833
PAR,31,18,32,171626
LIN,31,18,1,1874472
PAR,32,18,32,452777
LIN,32,18,1,1890802
PAR,33,21,32,1008048
LIN,33,21,1,13729882
PAR,34,24,32,3203890
LIN,34,24,1,107140055
PAR,35,26,32,11135421
LIN,35,26,1,421114790
PAR,36,28,32,40247945
LIN,36,28,1,1649374342
PAR,37,29,32,77822320
LIN,37,29,1,3521876801
PAR,38,27,32,18175353
LIN,38,27,1,942309155
PAR,39,29,32,88582874
LIN,39,29,1,3445247530
PAR,40,31,32,320818468
LIN,40,31,1,13187210354
PAR,41,34,32,2591624012
LIN,41,34,1,106201804150
PAR,42,35,32,5478085609
PAR,43,36,32,10103294204
PAR,44,40,32,144115792936
PAR,45,39,32,80842840541
PAR,46,42,32,627009544251
PAR,47,43,32,1369362613825
PAR,48,43,32,1111091504893
PAR,49,41,32,359626860776
PAR,50,40,32,147855967915
PAR,1,2,32,1802492
PAR,2,2,32,9874
PAR,3,2,32,5144
PAR,4,3,32,10566
PAR,5,4,32,12362
PAR,6,5,32,22261
PAR,7,20,32,687815
PAR,8,21,32,934636
PAR,9,25,32,5222495
PAR,10,21,32,680075
PAR,11,30,32,264682375
PAR,12,21,32,853519
PAR,13,39,32,86944065431
PAR,22,2,32,24415
PAR,23,4,32,25434
PAR,24,5,32,25036
PAR,25,8,32,34276
PAR,26,9,32,42667
PAR,27,12,32,61353
PAR,28,10,32,51354
PAR,29,12,32,54063
PAR,30,16,32,105991
PAR,31,18,32,178702
PAR,32,18,32,169432
PAR,33,21,32,433916
PAR,34,24,32,2559482
PAR,35,26,32,9427951
PAR,36,28,32,37386049
PAR,37,29,32,69978266
PAR,38,27,32,15722750
PAR,39,29,32,76775766
PAR,40,31,32,295862521
PAR,41,34,32,2382173043
PAR,42,35,32,5488253581
PAR,43,36,32,9890961523
PAR,44,40,32,141049325622
PAR,45,39,32,80634282542
PAR,46,42,32,612472242831
PAR,47,43,32,1332702241724
PAR,48,43,32,1063983346085
PAR,49,41,32,355165925758
PAR,50,40,32,144220139854
PAR,1,2,32,8182
PAR,2,2,32,8054
PAR,3,2,32,4964
PAR,4,3,32,10344
PAR,5,4,32,10253
PAR,6,5,32,13680
PAR,7,20,32,523245
PAR,8,21,32,536427
PAR,9,25,32,4666086
PAR,10,21,32,631236
PAR,11,30,32,256827022
PAR,12,21,32,851720
PAR,13,39,32,85929925102
PAR,22,2,32,17884
PAR,23,4,32,24691
PAR,24,5,32,24418
PAR,25,8,32,34053
PAR,26,9,32,36935
PAR,27,12,32,58993
PAR,28,10,32,49169
PAR,29,12,32,62266
PAR,30,16,32,102103
PAR,31,18,32,173803
PAR,32,18,32,169341
PAR,33,21,32,495094
PAR,34,24,32,2737290
PAR,35,26,32,9811952
PAR,36,28,32,38580559
PAR,37,29,32,71995482
PAR,38,27,32,16292532
PAR,39,29,32,77258970
PAR,40,31,32,297622911
PAR,41,34,32,2367644761
PAR,42,35,32,5525306519
PAR,43,36,32,10001780311
PAR,44,40,32,140424226488
PAR,45,39,32,80603666161
PAR,46,42,32,608979108350
PAR,47,43,32,1328429696197
PAR,48,43,32,1078552235428
PAR,49,41,32,398781808418
PAR,50,40,32,177338266180
PAR,1,2,32,16780
PAR,2,2,32,15219
PAR,3,2,32,13251
PAR,4,3,32,17779
PAR,5,4,32,18179
PAR,6,5,32,19103
PAR,7,20,32,421208
PAR,8,21,32,616087
PAR,9,25,32,5654518
PAR,10,21,32,690597
PAR,11,30,32,309866509
PAR,12,21,32,972183
PAR,13,39,32,107255548361
PAR,22,2,32,15000
PAR,23,4,32,25072
PAR,24,5,32,30904
PAR,25,8,32,31267
PAR,26,9,32,35698
PAR,27,12,32,64456
PAR,28,10,32,54306
PAR,29,12,32,81128
PAR,30,16,32,123323
PAR,31,18,32,182371
PAR,32,18,32,165812
PAR,33,21,32,591984
PAR,34,24,32,3469578
PAR,35,26,32,13267297
PAR,36,28,32,49796717
PAR,37,29,32,97696349
PAR,38,27,32,20178337
PAR,39,29,32,95040906
PAR,40,31,32,373686014
PAR,41,34,32,3030963684
PAR,42,35,32,7584210155
PAR,43,36,32,12234847099
PAR,44,40,32,174624741958
PAR,45,39,32,105016111609
PAR,46,42,32,788014235687
PAR,47,43,32,1736641733199
PAR,48,43,32,1387431557042
PAR,49,41,32,491696809752
PAR,50,40,32,182944583672
PAR,1,2,32,16956
PAR,2,2,32,21771
PAR,3,2,32,7522
PAR,4,3,32,23209
PAR,5,4,32,23991
PAR,6,5,32,24048
PAR,7,20,32,414849
PAR,8,21,32,642527
PAR,9,25,32,5517980
PAR,10,21,32,694677
PAR,11,30,32,305487201
PAR,12,21,32,1001097
PAR,13,39,32,104995644919
PAR,22,2,32,24658
PAR,23,4,32,24402
PAR,24,5,32,28494
PAR,25,8,32,30263
PAR,26,9,32,41804
PAR,27,12,32,58637
PAR,28,10,32,37581
PAR,29,12,32,54457
PAR,30,16,32,101518
PAR,31,18,32,178435
PAR,32,18,32,184450
PAR,33,21,32,547334
PAR,34,24,32,3230189
PAR,35,26,32,12599487
PAR,36,28,32,49604296
PAR,37,29,32,89344297
PAR,38,27,32,19718683
PAR,39,29,32,95197128
PAR,40,31,32,365138679
PAR,41,34,32,2992663010
PAR,42,35,32,6863321224
PAR,43,36,32,12054410250
PAR,44,40,32,171322383949
PAR,45,39,32,103183344295
PAR,46,42,32,777418166677
PAR,47,43,32,1697396570862
PAR,48,43,32,1329466092833
PAR,49,41,32,449667851165
PAR,50,40,32,188498025442
PAR,1,2,32,15254
PAR,2,2,32,15801
PAR,3,2,32,13050
PAR,4,3,32,20104
PAR,5,4,32,24463
PAR,6,5,32,25518
PAR,7,20,32,470332
PAR,8,21,32,682920
PAR,9,25,32,5943055
PAR,10,21,32,735533
PAR,11,30,32,315952363
PAR,12,21,32,997078
PAR,13,39,32,109113710978
PAR,22,2,32,27562
PAR,23,4,32,18752
PAR,24,5,32,27934
PAR,25,8,32,33308
PAR,26,9,32,31943
PAR,27,12,32,61554
PAR,28,10,32,41448
PAR,29,12,32,59010
PAR,30,16,32,103185
PAR,31,18,32,191698
PAR,32,18,32,193210
PAR,33,21,32,535669
PAR,34,24,32,3267188
PAR,35,26,32,12423454
PAR,36,28,32,48012453
PAR,37,29,32,99108562
PAR,38,27,32,21635928
PAR,39,29,32,96727139
PAR,40,31,32,388040613
PAR,41,34,32,3126579251
PAR,42,35,32,7382059454
PAR,43,36,32,12442038394
PAR,44,40,32,178092297303
PAR,45,39,32,113852654827
PAR,46,42,32,986952065661
PAR,47,43,32,2557647070120
PAR,48,43,32,1426664266204
PAR,49,41,32,444952876485
PAR,50,40,32,184407824887
PAR,1,2,32,6905
PAR,2,2,32,21011
PAR,3,2,32,16736
PAR,4,3,32,13832
PAR,5,4,32,18076
PAR,6,5,32,26444
PAR,7,20,32,425135
PAR,8,21,32,600576
PAR,9,25,32,5728826
PAR,10,21,32,721772
PAR,11,30,32,311095498
PAR,12,21,32,1003982
PAR,13,39,32,105976207620
PAR,22,2,32,21999
PAR,23,4,32,13748
PAR,24,5,32,21456
PAR,25,8,32,32347
PAR,26,9,32,33294
PAR,27,12,32,53109
PAR,28,10,32,36873
PAR,29,12,32,56424
PAR,30,16,32,103150
PAR,31,18,32,188078
PAR,32,18,32,174831
PAR,33,21,32,550573
PAR,34,24,32,3223840
PAR,35,26,32,12195078
PAR,36,28,32,47743388
PAR,37,29,32,90985639
PAR,38,27,32,20018749
PAR,39,29,32,95568910
PAR,40,31,32,369156438
PAR,41,34,32,2961198951
PAR,42,35,32,6927712367
PAR,43,36,32,12544469890
PAR,44,40,32,184501906445
PAR,45,39,32,112945759075
PAR,46,42,32,804038306054
PAR,47,43,32,2179232961469
PAR,48,43,32,2230016630847
PAR,49,41,32,651115136998
PAR,50,40,32,307543979716
PAR,1,2,32,38161
PAR,2,2,32,12741
PAR,3,2,32,15915
PAR,4,3,32,17736
PAR,5,4,32,21143
PAR,6,5,32,26219
PAR,7,20,32,626687
PAR,8,21,32,984531
PAR,9,25,32,10126285
PAR,10,21,32,1114715
PAR,11,30,32,485906606
PAR,12,21,32,1471927
PAR,13,39,32,141272360593
PAR,22,2,32,28960
PAR,23,4,32,21414
PAR,24,5,32,28294
PAR,25,8,32,29847
PAR,26,9,32,40599
PAR,27,12,32,61087
PAR,28,10,32,39581
PAR,29,12,32,66430
PAR,30,16,32,130241
PAR,31,18,32,192629
PAR,32,18,32,196441
PAR,33,21,32,692291
PAR,34,24,32,4143054
PAR,35,26,32,16082822
PAR,36,28,32,62091814
PAR,37,29,32,115432597
PAR,38,27,32,25371232
PAR,39,29,32,115537158
PAR,40,31,32,443577440
PAR,41,34,32,3846801741
PAR,42,35,32,8686484469
PAR,43,36,32,15631010517
PAR,44,40,32,231449738412
PAR,45,39,32,144460488604
PAR,46,42,32,689971163813
PAR,47,43,32,1432577633575
PAR,48,43,32,1050807576684
PAR,49,41,32,350297032961
PAR,50,40,32,143085659403
PAR,1,2,32,29492
PAR,2,2,32,14537
PAR,3,2,32,20777
PAR,4,3,32,19040
PAR,5,4,32,22708
PAR,6,5,32,20482
PAR,7,20,32,385443
PAR,8,21,32,556754
PAR,9,25,32,4698637
PAR,10,21,32,600746
PAR,11,30,32,251046055
PAR,12,21,32,840706
PAR,13,39,32,85721480679
PAR,22,2,32,16323
PAR,23,4,32,28456
PAR,24,5,32,20997
PAR,25,8,32,24910
PAR,26,9,32,40683
PAR,27,12,32,51810
PAR,28,10,32,49525
PAR,29,12,32,60029
PAR,30,16,32,114915
PAR,31,18,32,167311
PAR,32,18,32,153308
PAR,33,21,32,467724
PAR,34,24,32,2631855
PAR,35,26,32,9601680
PAR,36,28,32,37694500
PAR,37,29,32,71004916
PAR,38,27,32,15962275
PAR,39,29,32,75067531
PAR,40,31,32,293768919
PAR,41,34,32,2383723784
PAR,42,35,32,5472493242
PAR,43,36,32,9848093762
PAR,44,40,32,139976029800
PAR,45,39,32,82705820341
PAR,46,42,32,609261110216
PAR,47,43,32,1326804397089
PAR,48,43,32,1050919294926
PAR,49,41,32,348801555273
PAR,50,40,32,143116438544
PAR,1,2,32,5748
PAR,2,2,32,17825
PAR,3,2,32,8528
PAR,4,3,32,17347
PAR,5,4,32,21515
PAR,6,5,32,18755
PAR,7,20,32,363521
PAR,8,21,32,562324
PAR,9,25,32,4843971
PAR,10,21,32,644460
PAR,11,30,32,252610492
PAR,12,21,32,828637
PAR,13,39,32,87537915844
PAR,22,2,32,12188
PAR,23,4,32,32294
PAR,24,5,32,19080
PAR,25,8,32,35368
PAR,26,9,32,44870
PAR,27,12,32,74028
PAR,28,10,32,33078
PAR,29,12,32,76940
PAR,30,16,32,109572
PAR,31,18,32,150143
PAR,32,18,32,185627
PAR,33,21,32,454035
PAR,34,24,32,2528793
PAR,35,26,32,9401380
PAR,36,28,32,37985424
PAR,37,29,32,70465961
PAR,38,27,32,15866826
PAR,39,29,32,74919007
PAR,40,31,32,295993876
PAR,41,34,32,2551099530
PAR,42,35,32,5585153636
PAR,43,36,32,9848712116
PAR,44,40,32,140040070571
PAR,45,39,32,80064895676
PAR,46,42,32,607520598263
PAR,47,43,32,1328273268070
PAR,48,43,32,1049923204456
PAR,49,41,32,349062872274
PAR,50,40,32,142763835913
PAR,1,2,32,16656
PAR,2,2,32,11442
PAR,3,2,32,11673
PAR,4,3,32,16939
PAR,5,4,32,16341
PAR,6,5,32,20730
PAR,7,20,32,377615
PAR,8,21,32,546115
PAR,9,25,32,4631814
PAR,10,21,32,614526
PAR,11,30,32,252124810
PAR,12,21,32,856908
PAR,13,39,32,85776494238
PAR,22,2,32,6118
PAR,23,4,32,22688
PAR,24,5,32,38110
PAR,25,8,32,36278
PAR,26,9,32,42850
PAR,27,12,32,57967
PAR,28,10,32,49559
PAR,29,12,32,63459
PAR,30,16,32,115799
PAR,31,18,32,175947
PAR,32,18,32,162454
PAR,33,21,32,491404
PAR,34,24,32,2565056
PAR,35,26,32,9510312
PAR,36,28,32,37390544
PAR,37,29,32,69562008
PAR,38,27,32,15702775
PAR,39,29,32,74828948
PAR,40,31,32,295183711
PAR,41,34,32,2353944571
PAR,42,35,32,5426347840
PAR,43,36,32,9825800938
PAR,44,40,32,140012511979
PAR,45,39,32,80282088683
PAR,46,42,32,606815709276
PAR,47,43,32,1328440371370
PAR,48,43,32,1051410752709
PAR,49,41,32,349043693374
PAR,50,40,32,142903509400
PAR,1,2,16,645429
PAR,2,2,16,30861
PAR,3,2,16,8349
PAR,4,3,16,26609
PAR,5,4,16,13989
PAR,6,5,16,16388
PAR,7,20,16,960071
PAR,8,21,16,971627
PAR,9,25,16,9736279
PAR,10,21,16,1116146
PAR,11,30,16,500115677
PAR,12,21,16,1419840
PAR,13,39,16,166546915369
PAR,22,2,16,12481
PAR,23,4,16,16631
PAR,24,5,16,24039
PAR,25,8,16,23046
PAR,26,9,16,33625
PAR,27,12,16,50332
PAR,28,10,16,44910
PAR,29,12,16,47933
PAR,30,16,16,86531
PAR,31,18,16,172611
PAR,32,18,16,176834
PAR,33,21,16,692607
PAR,34,24,16,4722192
PAR,35,26,16,17882433
PAR,36,28,16,72079682
PAR,37,29,16,134231068
PAR,38,27,16,30217002
PAR,39,29,16,145518986
PAR,40,31,16,573951752
PAR,41,34,16,4557361972
PAR,42,35,16,10459569824
PAR,43,36,16,19224774624
PAR,44,40,16,270234645212
PAR,45,39,16,153546514147
PAR,46,42,16,1169867339786
PAR,47,43,16,2592431256572
PAR,48,43,16,2582560175162
PAR,49,41,16,945804864961
PAR,50,40,16,391770679097
PAR,1,2,16,10052
PAR,2,2,16,13661
PAR,3,2,16,11622
PAR,4,3,16,18429
PAR,5,4,16,19611
PAR,6,5,16,17533
PAR,7,20,16,661757
PAR,8,21,16,1080903
PAR,9,25,16,11670668
PAR,10,21,16,1254066
PAR,11,30,16,677376589
PAR,12,21,16,1897631
PAR,13,39,16,242859392403
PAR,22,2,16,12931
PAR,23,4,16,14737
PAR,24,5,16,21785
PAR,25,8,16,29066
PAR,26,9,16,36084
PAR,27,12,16,54168
PAR,28,10,16,40736
PAR,29,12,16,45607
PAR,30,16,16,137307
PAR,31,18,16,215984
PAR,32,18,16,214751
PAR,33,21,16,1066062
PAR,34,24,16,7683492
PAR,35,26,16,29148737
PAR,36,28,16,113664479
PAR,37,29,16,206948291
PAR,38,27,16,50073887
PAR,39,29,16,211565967
PAR,40,31,16,840960279
PAR,41,34,16,6955389212
PAR,42,35,16,16195243777
PAR,43,36,16,27635359207
PAR,44,40,16,397551767618
PAR,45,39,16,247823575984
PAR,46,42,16,1814400716090
PAR,47,43,16,3765120510375
PAR,48,43,16,3923079338310
PAR,49,41,16,1257294986016
PAR,50,40,16,552472205235
PAR,1,2,16,9451
PAR,2,2,16,8953
PAR,3,2,16,9189
PAR,4,3,16,9796
PAR,5,4,16,17758
PAR,6,5,16,9064
PAR,7,20,16,2322523
PAR,8,21,16,3960310
PAR,9,25,16,27173866
PAR,10,21,16,2317425
PAR,11,30,16,1034049212
PAR,12,21,16,4942247
PAR,13,39,16,299153852145
PAR,22,2,16,1401505
PAR,23,4,16,15633
PAR,24,5,16,17518
PAR,25,8,16,15871
PAR,26,9,16,24304
PAR,27,12,16,35453
PAR,28,10,16,91486
PAR,29,12,16,73551
PAR,30,16,16,475052
PAR,31,18,16,4142141
PAR,32,18,16,3229684
PAR,33,21,16,22121753
PAR,34,24,16,55007846
PAR,35,26,16,92319845
PAR,36,28,16,279948893
PAR,37,29,16,542698351
PAR,38,27,16,150028811
PAR,39,29,16,694905407
PAR,40,31,16,1617313064
PAR,41,34,16,9109584582
PAR,42,35,16,19284390729
PAR,43,36,16,37741506543
PAR,44,40,16,492377441964
PAR,45,39,16,299989583419
PAR,46,42,16,1646954315950
PAR,47,43,16,4153029759562
PAR,48,43,16,2024912268467
PAR,49,41,16,671674873964
PAR,50,40,16,274015212596
PAR,1,2,16,15891
PAR,2,2,16,12295
PAR,3,2,16,9566
PAR,4,3,16,17829
PAR,5,4,16,15110
PAR,6,5,16,17554
PAR,7,20,16,548061
PAR,8,21,16,845765
PAR,9,25,16,8766873
PAR,10,21,16,1018078
PAR,11,30,16,489020040
PAR,12,21,16,1428107
PAR,13,39,16,174530058839
PAR,22,2,16,14664
PAR,23,4,16,16770
PAR,24,5,16,22478
PAR,25,8,16,32463
PAR,26,9,16,30138
PAR,27,12,16,41053
PAR,28,10,16,34106
PAR,29,12,16,48758
PAR,30,16,16,96615
PAR,31,18,16,192586
PAR,32,18,16,182952
PAR,33,21,16,761832
PAR,34,24,16,5430800
PAR,35,26,16,19832805
PAR,36,28,16,77092091
PAR,37,29,16,143723084
PAR,38,27,16,32837741
PAR,39,29,16,167227802
PAR,40,31,16,624565224
PAR,41,34,16,4929936376
PAR,42,35,16,11308552713
PAR,43,36,16,20461194554
PAR,44,40,16,289898418523
PAR,45,39,16,167073858851
PAR,46,42,16,1254635199217
PAR,47,43,16,2656107608407
PAR,48,43,16,2164894950683
PAR,49,41,16,724578873215
PAR,50,40,16,298091962941
PAR,1,2,16,14968
PAR,2,2,16,14285
PAR,3,2,16,8986
PAR,4,3,16,14377
PAR,5,4,16,11280
PAR,6,5,16,14668
PAR,7,20,16,541246
PAR,8,21,16,875690
PAR,9,25,16,9303815
PAR,10,21,16,1061503
PAR,11,30,16,534462089
PAR,12,21,16,1519517
PAR,13,39,16,177799751737
PAR,22,2,16,14078
PAR,23,4,16,18615
PAR,24,5,16,20333
PAR,25,8,16,28873
PAR,26,9,16,31884
PAR,27,12,16,51620
PAR,28,10,16,39886
PAR,29,12,16,44322
PAR,30,16,16,94531
PAR,31,18,16,174165
PAR,32,18,16,181334
PAR,33,21,16,740311
PAR,34,24,16,5231625
PAR,35,26,16,19564477
PAR,36,28,16,79017258
PAR,37,29,16,145835064
PAR,38,27,16,32743050
PAR,39,29,16,157287050
PAR,40,31,16,631195371
PAR,41,34,16,4989049418
PAR,42,35,16,11370227025
PAR,43,36,16,20360929337
PAR,44,40,16,290502958689
PAR,45,39,16,168460980303
PAR,46,42,16,1269038804016
PAR,47,43,16,2786260475995
PAR,48,43,16,2101477384362
PAR,49,41,16,670972533005
PAR,50,40,16,274245209161
PAR,1,2,16,10702
PAR,2,2,16,10992
PAR,3,2,16,10374
PAR,4,3,16,14268
PAR,5,4,16,14899
PAR,6,5,16,20283
PAR,7,20,16,536552
PAR,8,21,16,837504
PAR,9,25,16,8789374
PAR,10,21,16,988956
PAR,11,30,16,488743675
PAR,12,21,16,1396621
PAR,13,39,16,165872750596
PAR,22,2,16,11801
PAR,23,4,16,17294
PAR,24,5,16,18426
PAR,25,8,16,36204
PAR,26,9,16,26905
PAR,27,12,16,54851
PAR,28,10,16,26255
PAR,29,12,16,49302
PAR,30,16,16,88059
PAR,31,18,16,170494
PAR,32,18,16,160161
PAR,33,21,16,704871
PAR,34,24,16,4690622
PAR,35,26,16,17902336
PAR,36,28,16,71931769
PAR,37,29,16,134454648
PAR,38,27,16,30225399
PAR,39,29,16,145570106
PAR,40,31,16,573554258
PAR,41,34,16,4563439329
PAR,42,35,16,10481365740
PAR,43,36,16,19024080769
PAR,44,40,16,272076317313
PAR,45,39,16,153885458920
PAR,46,42,16,1168344477686
PAR,47,43,16,2551696312198
PAR,48,43,16,2022694558424
PAR,49,41,16,670399245353
PAR,50,40,16,274238349793
PAR,1,2,16,15394
PAR,2,2,16,7840
PAR,3,2,16,9155
PAR,4,3,16,10906
PAR,5,4,16,16128
PAR,6,5,16,26004
PAR,7,20,16,533402
PAR,8,21,16,821832
PAR,9,25,16,8736684
PAR,10,21,16,1018052
PAR,11,30,16,488941558
PAR,12,21,16,1410444
PAR,13,39,16,166014628193
PAR,22,2,16,14457
PAR,23,4,16,15387
PAR,24,5,16,17622
PAR,25,8,16,22035
PAR,26,9,16,40009
PAR,27,12,16,41548
PAR,28,10,16,29335
PAR,29,12,16,46507
PAR,30,16,16,86023
PAR,31,18,16,162401
PAR,32,18,16,173566
PAR,33,21,16,667338
PAR,34,24,16,4664478
PAR,35,26,16,17933260
PAR,36,28,16,71927235
PAR,37,29,16,134399296
PAR,38,27,16,30217269
PAR,39,29,16,145432772
PAR,40,31,16,572856892
PAR,41,34,16,4562457594
PAR,42,35,16,10472314617
PAR,43,36,16,19019259062
PAR,44,40,16,270810007760
PAR,45,39,16,153574607668
PAR,46,42,16,1167682002295
PAR,47,43,16,2552436854318
PAR,48,43,16,2022525424405
PAR,49,41,16,670834468318
PAR,50,40,16,274253623959
PAR,1,2,16,7505
PAR,2,2,16,12352
PAR,3,2,16,10721
PAR,4,3,16,18694
PAR,5,4,16,21861
PAR,6,5,16,26226
PAR,7,20,16,534232
PAR,8,21,16,854314
PAR,9,25,16,8782257
PAR,10,21,16,998296
PAR,11,30,16,490030247
PAR,12,21,16,1412656
PAR,13,39,16,165974018647
PAR,22,2,16,10624
PAR,23,4,16,21633
PAR,24,5,16,19544
PAR,25,8,16,26263
PAR,26,9,16,32119
PAR,27,12,16,48881
PAR,28,10,16,35773
PAR,29,12,16,56982
PAR,30,16,16,101008
PAR,31,18,16,146073
PAR,32,18,16,182110
PAR,33,21,16,713541
PAR,34,24,16,4686095
PAR,35,26,16,18443810
PAR,36,28,16,72096495
PAR,37,29,16,134302404
PAR,38,27,16,30168654
PAR,39,29,16,145485719
PAR,40,31,16,572819785
PAR,41,34,16,4565884840
PAR,42,35,16,10500400330
PAR,43,36,16,19031854251
PAR,44,40,16,271253405139
PAR,45,39,16,153909596433
PAR,46,42,16,1166972019235
PAR,47,43,16,2552795420162
PAR,48,43,16,2022365094856
PAR,49,41,16,671083835467
PAR,50,40,16,273910724920
PAR,1,2,16,11537
PAR,2,2,16,11063
PAR,3,2,16,10761
PAR,4,3,16,12701
PAR,5,4,16,15433
PAR,6,5,16,18577
PAR,7,20,16,514006
PAR,8,21,16,849515
PAR,9,25,16,8769941
PAR,10,21,16,1002165
PAR,11,30,16,490963272
PAR,12,21,16,1387187
PAR,13,39,16,165529106134
PAR,22,2,16,11784
PAR,23,4,16,20297
PAR,24,5,16,21859
PAR,25,8,16,34076
PAR,26,9,16,31948
PAR,27,12,16,54147
PAR,28,10,16,34099
PAR,29,12,16,47251
PAR,30,16,16,112074
PAR,31,18,16,156476
PAR,32,18,16,174426
PAR,33,21,16,725375
PAR,34,24,16,4685511
PAR,35,26,16,17902690
PAR,36,28,16,71829202
PAR,37,29,16,135424174
PAR,38,27,16,30180554
PAR,39,29,16,145414631
PAR,40,31,16,573642524
PAR,41,34,16,4563340242
PAR,42,35,16,10465518333
PAR,43,36,16,18985098474
PAR,44,40,16,270374734468
PAR,45,39,16,153570840685
PAR,46,42,16,1167987438864
PAR,47,43,16,2554295956458
PAR,48,43,16,2022573515602
PAR,49,41,16,670749563887
PAR,50,40,16,273955836075
PAR,1,2,16,5490
PAR,2,2,16,9441
PAR,3,2,16,6082
PAR,4,3,16,22542
PAR,5,4,16,37447
PAR,6,5,16,12133
PAR,7,20,16,593791
PAR,8,21,16,829062
PAR,9,25,16,8742560
PAR,10,21,16,1006745
PAR,11,30,16,488748334
PAR,12,21,16,1399468
PAR,13,39,16,165629345145
PAR,22,2,16,13021
PAR,23,4,16,13771
PAR,24,5,16,21145
PAR,25,8,16,25892
PAR,26,9,16,38120
PAR,27,12,16,55093
PAR,28,10,16,35885
PAR,29,12,16,56629
PAR,30,16,16,103499
PAR,31,18,16,169560
PAR,32,18,16,185567
PAR,33,21,16,693672
PAR,34,24,16,4670858
PAR,35,26,16,17917744
PAR,36,28,16,72378227
PAR,37,29,16,134602148
PAR,38,27,16,30141212
PAR,39,29,16,145664627
PAR,40,31,16,572323336
PAR,41,34,16,4558980200
PAR,42,35,16,10478261802
PAR,43,36,16,18998917885
PAR,44,40,16,270768733503
PAR,45,39,16,153421834879
PAR,46,42,16,1166788423840
PAR,47,43,16,2552471560165
PAR,48,43,16,2033280155188
PAR,49,41,16,672348508881
PAR,50,40,16,274801453500